,training_seed_01,training_seed_02,training_seed_03,training_seed_04,training_seed_05,training_seed_06,training_seed_07,training_seed_08,training_seed_09,training_seed_10
training_seed_01,1.0000001,0.9633354,0.92073387,0.9414817,0.93883246,0.9618717,0.95953006,0.87165123,0.9457512,0.94418967
training_seed_02,0.96333534,1.0000001,0.90029776,0.9208542,0.9558145,0.94052947,0.90397424,0.8868843,0.91189295,0.9212404
training_seed_03,0.9207339,0.90029776,1.0,0.97024745,0.8947065,0.92720306,0.8859172,0.8001933,0.8534905,0.83824533
training_seed_04,0.94148177,0.9208543,0.9702475,1.0000001,0.9147292,0.94251144,0.92119974,0.84472656,0.89810276,0.89339274
training_seed_05,0.93883246,0.95581454,0.89470637,0.9147291,1.0,0.9030637,0.8797766,0.8733976,0.90727955,0.8863483
training_seed_06,0.9618716,0.9405295,0.9272032,0.9425115,0.9030637,0.99999994,0.93071526,0.833458,0.8954361,0.90111583
training_seed_07,0.95953006,0.9039743,0.8859172,0.92119974,0.87977666,0.93071526,1.0,0.85203934,0.95831954,0.94453305
training_seed_08,0.87165123,0.8868843,0.80019325,0.84472656,0.8733976,0.83345795,0.85203934,1.0000001,0.905316,0.9216901
training_seed_09,0.9457512,0.9118929,0.8534904,0.89810276,0.9072795,0.8954361,0.95831954,0.9053161,1.0,0.94777066
training_seed_10,0.94418967,0.9212404,0.8382453,0.89339274,0.88634825,0.90111583,0.9445331,0.9216901,0.9477706,1.0000001
