,training_seed_01,training_seed_02,training_seed_03,training_seed_04,training_seed_05,training_seed_06,training_seed_07,training_seed_08,training_seed_09,training_seed_10
training_seed_01,1.0,0.9619459,0.9240142,0.9427592,0.9349971,0.95767844,0.9561917,0.8641048,0.93980163,0.93762547
training_seed_02,0.9619459,1.0000001,0.90835315,0.9237682,0.9524326,0.9436035,0.9041076,0.8750598,0.9077254,0.9132676
training_seed_03,0.92401415,0.9083532,1.0,0.96839267,0.8868725,0.9263689,0.889184,0.79554766,0.8565288,0.83823144
training_seed_04,0.9427592,0.9237682,0.96839267,0.9999999,0.90556276,0.9417116,0.9226623,0.83855844,0.89570725,0.892257
training_seed_05,0.934997,0.9524327,0.8868724,0.90556276,1.0,0.8947322,0.87582546,0.8700893,0.90917915,0.8818293
training_seed_06,0.9576785,0.9436035,0.9263689,0.94171154,0.8947322,1.0,0.92737544,0.8306249,0.89144444,0.8999514
training_seed_07,0.9561917,0.9041076,0.889184,0.9226623,0.87582546,0.92737544,0.99999994,0.8481893,0.95440215,0.9449639
training_seed_08,0.86410487,0.8750598,0.79554766,0.8385583,0.8700893,0.8306249,0.8481893,1.0000001,0.9017882,0.9201063
training_seed_09,0.9398017,0.90772533,0.85652876,0.8957073,0.90917915,0.8914445,0.95440215,0.9017882,1.0,0.9446961
training_seed_10,0.93762547,0.91326755,0.8382314,0.8922569,0.8818293,0.89995146,0.9449639,0.9201063,0.94469607,1.0
