,training_seed_01,training_seed_02,training_seed_03,training_seed_04,training_seed_05,training_seed_06,training_seed_07,training_seed_08,training_seed_09,training_seed_10
training_seed_01,0.99999994,0.9555455,0.9193793,0.9386076,0.9222657,0.95710903,0.955669,0.85446924,0.92522424,0.9322703
training_seed_02,0.9555454,1.0000001,0.87757725,0.90047455,0.9422278,0.9167519,0.88636816,0.8775832,0.8901128,0.9033225
training_seed_03,0.91937935,0.87757725,0.99999994,0.9669339,0.854418,0.90379155,0.8843156,0.77888554,0.82866526,0.81792754
training_seed_04,0.9386075,0.9004745,0.9669339,0.99999994,0.8765903,0.9257521,0.9237282,0.8303965,0.8810284,0.876972
training_seed_05,0.92226577,0.9422278,0.854418,0.8765903,0.99999994,0.86665916,0.85178834,0.8573329,0.90403277,0.85856473
training_seed_06,0.95710903,0.9167519,0.9037915,0.9257521,0.8666591,1.0,0.9322064,0.81515235,0.874816,0.8902939
training_seed_07,0.955669,0.88636816,0.8843156,0.9237282,0.85178834,0.9322064,0.9999999,0.841479,0.9414802,0.9402279
training_seed_08,0.85446924,0.8775832,0.77888554,0.8303964,0.8573329,0.81515235,0.841479,1.0,0.906641,0.9072216
training_seed_09,0.9252243,0.8901129,0.82866526,0.8810284,0.90403277,0.874816,0.9414802,0.906641,1.0,0.93746835
training_seed_10,0.93227035,0.9033225,0.81792754,0.87697196,0.85856473,0.8902939,0.9402279,0.9072216,0.93746835,1.0
