,training_seed_01,training_seed_02,training_seed_03,training_seed_04,training_seed_05,training_seed_06,training_seed_07,training_seed_08,training_seed_09,training_seed_10
training_seed_01,1.0,0.9430325,0.92906886,0.95052963,0.9214893,0.97109944,0.9465388,0.896374,0.9323089,0.9400228
training_seed_02,0.9430325,1.0000001,0.9044804,0.895531,0.9593942,0.93029404,0.852425,0.87672144,0.90371037,0.8909221
training_seed_03,0.92906886,0.9044804,0.99999994,0.9601894,0.9044579,0.92742187,0.8528238,0.847886,0.861965,0.84759396
training_seed_04,0.9505296,0.89553094,0.96018934,0.9999999,0.9084499,0.9220502,0.9175338,0.86503947,0.90966356,0.8893615
training_seed_05,0.92148924,0.9593942,0.9044579,0.9084499,1.0,0.9090167,0.844142,0.907633,0.9369479,0.88829076
training_seed_06,0.9710994,0.93029404,0.92742187,0.92205024,0.9090168,1.0000001,0.92236763,0.8423016,0.8834355,0.89014655
training_seed_07,0.94653887,0.852425,0.8528238,0.9175338,0.8441421,0.9223676,1.0000001,0.8541698,0.91727936,0.93626773
training_seed_08,0.896374,0.8767214,0.847886,0.8650395,0.907633,0.8423016,0.8541698,0.99999994,0.9659066,0.9294558
training_seed_09,0.932309,0.90371037,0.861965,0.90966356,0.9369479,0.8834354,0.91727936,0.9659066,1.0,0.95770794
training_seed_10,0.94002277,0.8909222,0.84759396,0.88936156,0.88829076,0.89014655,0.9362677,0.92945576,0.95770794,1.0000001
