,training_seed_01,training_seed_02,training_seed_03,training_seed_04,training_seed_05,training_seed_06,training_seed_07,training_seed_08,training_seed_09,training_seed_10
training_seed_01,1.0,0.9200668274925217,0.8540869692341786,0.8999382827134911,0.9398574913168338,0.9672227522800512,0.9551224501635843,0.9261777902397025,0.9636455170476121,0.9577559852872656
training_seed_02,0.9200668274925216,1.0000000000000002,0.9122064883780784,0.909733351262633,0.9053792992880785,0.9012537312236617,0.8399187253652154,0.822026182560514,0.8700781492315461,0.8857179069105616
training_seed_03,0.8540869692341785,0.9122064883780784,0.9999999999999999,0.9631924877575223,0.9285313827282943,0.9020983212411808,0.759908100550896,0.8253489200394181,0.8185169798792185,0.8191212093040576
training_seed_04,0.8999382827134911,0.9097333512626329,0.9631924877575222,1.0,0.9362214777406833,0.9345818496581341,0.8687319800591525,0.8239878832494809,0.8543101898925982,0.8861315737980053
training_seed_05,0.9398574913168337,0.9053792992880785,0.9285313827282943,0.9362214777406832,1.0,0.9616917876417542,0.8728874705208503,0.9436861020008976,0.9290560311823287,0.87770536988658
training_seed_06,0.9672227522800511,0.9012537312236617,0.9020983212411808,0.9345818496581341,0.9616917876417542,1.0000000000000002,0.917269969532593,0.9222572827802066,0.9202309680264297,0.906523971216732
training_seed_07,0.9551224501635843,0.8399187253652154,0.759908100550896,0.8687319800591526,0.8728874705208501,0.917269969532593,1.0,0.8600730743708082,0.9290145176471376,0.9625816370623528
training_seed_08,0.9261777902397025,0.8220261825605141,0.825348920039418,0.823987883249481,0.9436861020008978,0.9222572827802065,0.8600730743708083,1.0,0.9703309353106395,0.8729437349041783
training_seed_09,0.9636455170476121,0.8700781492315461,0.8185169798792185,0.8543101898925981,0.9290560311823286,0.9202309680264297,0.9290145176471375,0.9703309353106395,0.9999999999999999,0.9459902782488666
training_seed_10,0.9577559852872656,0.8857179069105615,0.8191212093040577,0.8861315737980053,0.87770536988658,0.906523971216732,0.9625816370623527,0.8729437349041783,0.9459902782488666,1.0
