,training_seed_01,training_seed_02,training_seed_03,training_seed_04,training_seed_05,training_seed_06,training_seed_07,training_seed_08,training_seed_09,training_seed_10
training_seed_01,0.99999994,0.95060116,0.9191602,0.964443,0.9115049,0.9510176,0.9614083,0.90065515,0.96466315,0.94783735
training_seed_02,0.9506012,1.0,0.8841549,0.92920995,0.95534366,0.9287338,0.89064485,0.87400347,0.92331636,0.9121428
training_seed_03,0.9191601,0.8841549,1.0,0.958348,0.8607001,0.90077114,0.86616725,0.827538,0.8647214,0.8236705
training_seed_04,0.9644431,0.9292099,0.958348,1.0000001,0.9027814,0.93224525,0.93847173,0.85465294,0.9296551,0.8951405
training_seed_05,0.9115049,0.9553436,0.8607,0.9027814,0.99999994,0.8987547,0.8502222,0.88048095,0.91684526,0.8856158
training_seed_06,0.95101756,0.92873377,0.90077114,0.93224525,0.8987547,0.99999994,0.92225015,0.83797413,0.9058648,0.88953865
training_seed_07,0.9614083,0.89064485,0.86616725,0.9384718,0.8502222,0.9222501,0.99999994,0.8401168,0.951652,0.93833715
training_seed_08,0.90065515,0.87400347,0.8275381,0.8546529,0.880481,0.83797413,0.8401168,0.99999994,0.93338466,0.9105576
training_seed_09,0.9646631,0.92331636,0.8647214,0.929655,0.91684526,0.90586483,0.95165205,0.93338466,0.99999994,0.956673
training_seed_10,0.94783735,0.9121428,0.82367057,0.8951405,0.8856158,0.88953865,0.93833715,0.91055757,0.95667297,1.0
