,training_seed_01,training_seed_02,training_seed_03,training_seed_04,training_seed_05,training_seed_06,training_seed_07,training_seed_08,training_seed_09,training_seed_10
training_seed_01,1.0000000000000002,0.9058115930261484,0.8994066549550951,0.9111291449221856,0.8997393614847908,0.9575486172768892,0.9586599445060584,0.8964234418109392,0.9059748325653566,0.9354632309021053
training_seed_02,0.9058115930261483,1.0,0.8936254635502178,0.824706733379572,0.9279918054399772,0.905313760316904,0.8090701886062995,0.8658721064240557,0.8747982357940816,0.8441722892496848
training_seed_03,0.8994066549550952,0.8936254635502177,1.0,0.9602814787917832,0.8947031958385073,0.927567038376385,0.8264276897868079,0.8537542898672469,0.8354026504822167,0.8195588086875366
training_seed_04,0.9111291449221856,0.824706733379572,0.960281478791783,1.0,0.8346075629590288,0.9128797340112871,0.8893057525758523,0.8069927246309936,0.7999639656220268,0.8172425327725881
training_seed_05,0.8997393614847907,0.9279918054399773,0.8947031958385073,0.8346075629590288,0.9999999999999999,0.9046887101046166,0.8165121049673097,0.9454598249887307,0.9562145191705541,0.8840532602603526
training_seed_06,0.9575486172768893,0.905313760316904,0.927567038376385,0.9128797340112871,0.9046887101046166,0.9999999999999999,0.9050540852322231,0.8682293190045155,0.855483371832578,0.8681304107281301
training_seed_07,0.9586599445060584,0.8090701886062996,0.8264276897868079,0.8893057525758523,0.8165121049673097,0.9050540852322232,1.0,0.8283044680871443,0.840288612713108,0.9064847602838104
training_seed_08,0.8964234418109392,0.8658721064240557,0.8537542898672469,0.8069927246309936,0.9454598249887307,0.8682293190045156,0.8283044680871443,1.0000000000000002,0.9796024760681332,0.9285720414708233
training_seed_09,0.9059748325653565,0.8747982357940816,0.8354026504822167,0.7999639656220269,0.956214519170554,0.8554833718325782,0.840288612713108,0.9796024760681331,1.0,0.9351338077512112
training_seed_10,0.9354632309021051,0.8441722892496847,0.8195588086875365,0.8172425327725881,0.8840532602603526,0.86813041072813,0.9064847602838103,0.9285720414708233,0.9351338077512112,1.0
